"","itt.ev.lower","itt.ev.upper","itt.ev.lower.adj","itt.ev.upper.adj","ittHT.ev.lower","ittHT.ev.upper","ittHT.ev.lower.adj","ittHT.ev.upper.adj"
"unsampled data",0.115204678362573,0.832116959064328,0.121642596696618,0.839544233995882,0.170037388879508,0.886626641168441,0.121350244117633,0.837046062556641
