"","Pr(Complier)","Pr(Always-Taker)","Pr(Never-Taker)"
"unsampled data",0.852308923595152,0.139377537212449,0.00831353919239905
